{
  "q_table": {
    "('large', 'Conv', 'relaxed')": [
      -1052.924387690403,
      -370.1763687967675,
      -707.9628351419387
    ],
    "('medium', 'Conv', 'relaxed')": [
      74.07059449757618,
      26.687803883901374,
      8.033942217771015
    ],
    "('medium', 'FC', 'relaxed')": [
      -37.775736511666665,
      0.0,
      -13.297466666666665
    ],
    "('large', 'FC', 'relaxed')": [
      -328.43057556666673,
      0.0,
      -161.02810966666667
    ],
    "('medium', 'ReLU', 'moderate')": [
      -72.34676666666667,
      0.0,
      -36.260254296666666
    ],
    "('small', 'Conv', 'relaxed')": [
      -32.17169116666667,
      0.0,
      -22.021934546666664
    ],
    "('medium', 'Conv', 'none')": [
      -9.514566666666667,
      0.0,
      -8.695051666666664
    ],
    "('medium', 'ReLU', 'relaxed')": [
      -44.25017858367167,
      0.0,
      -15.834386666666665
    ],
    "('small', 'Conv', 'none')": [
      0.0,
      0.0,
      0.0
    ],
    "('medium', 'ReLU', 'strict')": [
      0.0,
      0.0,
      0.0
    ],
    "('large', 'FC', 'moderate')": [
      0.0,
      0.0,
      0.0
    ]
  },
  "hyperparameters": {
    "alpha": 0.1,
    "gamma": 0.9,
    "epsilon": 0.2713831440823852,
    "energy_weight": 0.7,
    "latency_weight": 0.3
  },
  "statistics": {
    "episodes": 20,
    "total_reward": -35617.66666666667,
    "avg_reward": -1780.8833333333337,
    "q_table_size": 11,
    "epsilon": 0.2713831440823852,
    "recent_rewards": [
      0.0,
      0.0,
      0.0,
      0.0,
      -100.0,
      0.0,
      -38.66666666666667,
      0.0,
      -63.66666666666667,
      0.0
    ]
  }
}