{
  "q_table": {
    "('small', 'Conv', 'relaxed')": [
      146.34444890694039,
      26.84199495931042,
      51.64915921384226
    ],
    "('medium', 'Conv', 'relaxed')": [
      -7.748803652443232,
      33.0238338330745,
      103.70312889787759
    ],
    "('medium', 'ReLU', 'moderate')": [
      146.34444890694039,
      29.888300158543323,
      42.881260897043816
    ],
    "('large', 'FC', 'relaxed')": [
      -20.339744188515443,
      33.10282414303195,
      -23.265719444328056
    ],
    "('medium', 'Conv', 'moderate')": [
      146.34444890694039,
      22.353362428849366,
      27.722737774720635
    ],
    "('small', 'Conv', 'none')": [
      0.0,
      0.0,
      0.0
    ],
    "('large', 'FC', 'moderate')": [
      0.0,
      0.0,
      0.0
    ],
    "('medium', 'ReLU', 'relaxed')": [
      0.0,
      0.0,
      0.0
    ]
  },
  "hyperparameters": {
    "alpha": 0.1,
    "gamma": 0.9,
    "epsilon": 0.2853330391397315,
    "energy_weight": 0.7,
    "latency_weight": 0.3
  },
  "statistics": {
    "episodes": 10,
    "total_reward": 6566.666666666652,
    "avg_reward": 656.6666666666653,
    "q_table_size": 8,
    "epsilon": 0.2853330391397315,
    "recent_rewards": [
      33.33333333333333,
      33.33333333333332,
      43.33333333333333,
      10.0,
      43.33333333333333,
      43.33333333333333,
      33.33333333333332,
      43.33333333333333,
      -76.66666666666669,
      43.33333333333333
    ]
  }
}